id,first_name,last_name
1,Yasuko,Kataoka
2,Chizuru,Ozaki
3,Kouhei,Iwasawa
4,Kae,Utsunomiya
5,Yura,Mizukami
6,Chiyoko,Sasamori
7,Mayu,Izawa
8,Kazuo,Ochiai
9,Hiroshi,Imai
10,Rina,Tobita
11,Shougo,Utsumi
12,Hideka,Tashiro
13,Shuu,Moriya
14,Katsuko,Mori
15,Anju,Iwai
16,Himawari,Nagahama
17,Kinzou,Fukumoto
18,Ayana,Shouji
19,Hajime,Isozaki
20,Shigeru,Inomata
21,Himeno,Tsuruoka
22,Tokiya,Okada
23,Kaori,Watanabe
24,Kanon,Hamaguchi
25,Tsuneo,Minamida
26,Ryuu,Kida
27,Toshiharu,Aida
28,Takeshi,Harada
29,Aika,Sakata
30,Daiki,Sugita
31,Aki,Kosugi
32,Kaori,Kiuchi
33,Yuuichi,Iwai
34,Yuito,Imaizumi
35,Takao,Sakurai
36,Shigeo,Doi
37,Aya,Akaishi
38,Yoshiko,Fujino
39,Nobuko,Ookura
40,Shigeko,Tomita
41,Nobuo,Sakai
42,Souta,Shiraki
43,Rio,Koyanagi
44,Hiroto,Nakaoka
45,Aika,Sakurada
46,Susumu,Kawagoe
47,Eiji,Kawahara
48,Kuon,Teramoto
49,Toshiharu,Kuhabara
50,Saki,Shioda
51,Tomoyo,Tsuruta
52,Isao,Yada
53,Kingo,Kido
54,Sueo,Sumida
55,Nanami,Ishikawa
56,Rina,Kakizaki
57,Katsuji,Asai
58,Eijirou,Sasahara
59,Torao,Miyazaki
60,Takahide,Shiozawa
61,Fujiko,Fukai
62,Koto,Kita
63,Saaya,Kurozaki
64,Eisaku,Nihei
65,Saya,Kouya
66,Hirohito,Ootsu
67,Rena,Kawabata
68,Takehiro,Iida
69,Yuri,Takase
70,Maya,Kakizaki
71,Takayuki,Bandou
72,Otoya,Hatori
73,Akiko,Hanada
74,Runa,Nakayama
75,Yuika,Ookura
76,Takako,Nagasaka
77,Kiichi,Matsuoka
78,Nanami,Nakamura
79,Tetsurou,Oosawa
80,Karina,Furuhashi
81,Momone,Funabashi
82,Yukiko,Nakabayashi
83,Sachiko,Sugino
84,Mina,Kan
85,Yuu,Terada
86,Terumi,Nakada
87,Hiromi,Takizawa
88,Ruka,Kurosawa
89,Sachiko,Motohashi
90,Mutsumi,Kuroki
91,Shin,Nakada
92,Hiroshi,Yanase
93,Shinichi,Taki
94,Chika,Sasamori
95,Setsuko,Asanuma
96,Eizaburou,Momose
97,Kae,Itagaki
98,Rikichi,Handa
99,Mika,Ban
100,Shouichirou,Kishi